day,readiness_score,activity_balance,body_temperature,hrv_balance,previous_day_activity,previous_night,recovery_index,resting_heart_rate,sleep_balance,explanation
2025-04-27,84,78,,,,,,,,,
2025-04-27,84,78,,,,,,,,,
2025-04-27,84,78,,,,,,,,,
2025-04-27,84,78,,,,,,,,,
2025-04-27,84,78,,,,,,,,,
2025-04-27,84,78,,,,,,,,,
2025-04-28,78,68,,,,,,,,,
2025-05-05,80,62,,,,,,,,,
2025-05-06,81,78,,,,,,,,,
2025-05-06,81,78,,,,,,,,,
2025-05-06,81,78,,,,,,,,,
2025-05-06,81,78,,,,,,,,,
2025-05-06,81,78,,,,,,,,,
2025-05-06,81,78,,,,,,,,,
2025-05-06,81,78,,,,,,,,,
2025-05-06,81,78,92,100,78,66,83,78,90,77,
2025-05-06,81,78,92,100,78,66,83,78,90,77,
2025-05-22,71,93,100,56,88,80,40,56,79,
2025-05-22,71,93,100,56,88,80,40,56,79,
"Wednesday, June 25, 2025",72,,,85,,,,,,"LLM-Generated Summaries:
- Given the current metrics and the outlined mission plan for the Tour de France Indoor Simulation 2025, it's clear that immediate adjustments are necessary to both ensure athlete health and align more closely with the mission targets. Here are the key points requiring attention and the recommended modifications:
- ### Key Observations:
- **Readiness Score**: At 72, the athlete's readiness is above the mission plan's minimum readiness constraint of 70. This is positive, indicating that the athlete is generally ready from a recovery standpoint.
- **HRV Balance**: The HRV balance of 85 is also a positive indicator, suggesting good autonomic balance and recovery.
- **CTL (Chronic Training Load)**: The athlete's current CTL of 27.9 is significantly below the mission target of a CTL peak of 55. This indicates that the athlete's fitness level is currently not on track to meet the goal for the Tour de France Indoor Simulation.
- **ATL (Acute Training Load)**: At 59.5, the ATL is quite high relative to CTL, which has resulted in a very negative TSB (-31.6), indicating a high level of fatigue and risk of overtraining or injury.
- **TSB (Training Stress Balance)**: The current TSB of -31.6 is far below the mission constraint of a minimum TSB of -15, indicating an imbalance between stress and recovery.
- ### Suggested Workout Modifications:
- **Immediate Recovery Focus**: Given the very negative TSB, it's crucial to prioritize recovery immediately. Suggest incorporating one or two days of either complete rest or very light, low-intensity activities such as easy spinning (no more than 45 minutes at a very comfortable pace), yoga, or stretching.
- **Gradual Reintegration of Training Load**:
- **Endurance Rides**: Start with shorter, low-intensity rides (30-45 minutes) to begin building CTL without significantly adding to fatigue.
- **Stage Climb and Threshold Intervals**: These should be reintroduced slowly. Initially, reduce the duration and intensity to not exceed 60% of the target (i.e., Stage Climb: 36 minutes, Threshold Intervals: 12 minutes) and only after the athlete's form (TSB) has shown consistent improvement.
- **Monitor and Adjust**:
- Closely monitor the athlete's readiness, TSB, and HRV balance daily.
- Adjust the intensity and volume based on improvements in these metrics, aiming to
"
"Wednesday, June 25, 2025",72,,,85,,,,,,"LLM-Generated Summaries:
- Given the athlete's current metrics and the overarching goals outlined in the mission plan for the Tour de France Indoor Simulation 2025, it's paramount to ensure that the athlete's readiness, fatigue management, and training load are carefully balanced to achieve peak performance by the goal date of July 5, 2025. Here's an analysis based on today's metrics and the mission targets:
- ### Current Status Analysis:
- **Readiness Score:** 72, which meets the mission constraint of a minimum readiness of 70. This indicates the athlete is ready from a physiological standpoint, but other metrics must be considered.
- **HRV Balance:** 85, suggesting good autonomic balance and recovery status.
- **CTL (Chronic Training Load):** 37.1, significantly below the target CTL peak of 55. This indicates that the athlete's fitness level needs to be increased to meet the goal event demands.
- **ATL (Acute Training Load):** 59.5, suggesting a high level of recent training stress.
- **TSB (Training Stress Balance):** -22.5, below the mission's minimum threshold of -15, indicating a high level of fatigue.
- ### Immediate Adjustments:
- **Recovery Focus:** Given the very negative TSB, the athlete should prioritize recovery immediately. This can include:
- A complete rest day or very light, low-intensity activities such as easy spinning (30 minutes max), yoga, or stretching. This approach is crucial to aid recovery and improve TSB.
- **Gradual Reintegration of Training Load:**
- Once the TSB improves (approaching -15 or better), begin reintroducing training load gradually. Start with low-intensity and shorter-duration workouts, carefully monitoring the athlete's response.
- ### Modified Training Plan:
- **Long Ride Minutes:** Temporarily reduce the duration to not exceed 45 minutes until the athlete's TSB improves. This is a reduction from the target of 75 minutes but necessary to manage fatigue.
- **Stage Climb Minutes:** Delay any intense climb simulations until both the athlete's form and readiness improve. This will help avoid additional fatigue accumulation.
- **Threshold Interval Minutes:** Introduce very short threshold intervals, not exceeding 12 minutes, as part of a controlled reintroduction to intensity. This is significantly less than the target of 20 minutes but is necessary to prevent overtraining.
- ### Long-Term Plan Adjustments:
- **Increase CTL Gradually:** With the goal of achieving a CTL peak
"
"Thursday, June 26, 2025",71,,,71,,,,,,"LLM-Generated Summaries:
- Based on the current metrics and the outlined mission targets for the Tour de France Indoor Simulation 2025, it's evident that immediate and focused adjustments are necessary to align the athlete's training plan with their readiness and performance goals. The athlete's current metrics, particularly the TSB of -24.7, indicate a significant level of fatigue, which requires careful management to prevent overtraining or injury while aiming to meet the mission targets of achieving a CTL peak of 55, along with specific targets for long ride minutes (75), stage climb minutes (60), and threshold interval minutes (20).
- ### Immediate Workout Modifications:
- Given the athlete's current state and the proximity to the goal event date (July 5, 2025), it's crucial to balance recovery with maintenance and slight improvements in fitness.
- **Prioritize Recovery**: Immediate focus should be on recovery to improve the TSB from -24.7 towards the minimum threshold of -15. This can be achieved through:
- Complete rest or very light activities (e.g., easy spinning for no longer than 30 minutes, yoga, or stretching) for at least 1-2 days or until noticeable improvements in readiness and TSB are observed.
- Ensure proper nutrition and hydration, emphasizing recovery aids such as protein intake and electrolytes.
- **Low-Intensity Training**: Once the TSB approaches -15, reintroduce cycling activities with:
- A reduced long ride of up to 45 minutes to gradually rebuild endurance without overloading.
- Threshold intervals can be reintroduced at a very low volume, not exceeding 5-10 minutes in total duration, with ample recovery between efforts.
- Postpone high-intensity climb simulations until the TSB is closer to -15 and readiness improves further.
- **Monitor and Adjust**: It is crucial to continue daily monitoring of readiness, HRV balance, and TSB. Adjustments to the training load and intensity should be made dynamically, based on these metrics, to ensure the athlete progresses without falling back into a state of overreaching.
- ### Long-Term Plan Adjustments:
- Given the goal event is slightly over a week away, the focus should shift from significant fitness gains to optimizing performance readiness by:
- Gradually increasing training load in a controlled manner, ensuring the athlete's readiness and TSB are maintained within optimal ranges.
- Fine-tuning endurance and intensity in training sessions to match the demands of the goal event, without introducing new stressors that could compromise readiness.
- ### Specific Recommendations:
- **June
"
"Friday, June 27, 2025",71,,,71,,,,,,"LLM-Generated Summaries:
- Based on the provided mission plan and the athlete's current metrics, here's a revised workout plan for today:
- ### Goals Overview:
- **Goal Event**: Tour de France Indoor Simulation 2025
- **Goal Date**: July 5, 2025
- **Targets**:
- CTL Peak: 55
- Long Ride Minutes: 75
- Stage Climb Minutes: 60
- Threshold Interval Min: 20
- **Constraints**:
- Minimum Readiness: 70
- Maximum Resting Heart Rate (RHR): 56
- Minimum Training Stress Balance (TSB): -15
- ### Athlete's Current Status (as of June 26, 2025):
- **Readiness Score**: 71
- **CTL (Chronic Training Load)**: 37.0
- **ATL (Acute Training Load)**: 54.2
- **TSB (Training Stress Balance)**: -17.2
- ### Adjustments Needed:
- Given the athlete's current TSB of -17.2, which falls below the constraintsâ€™ minimum of -15, indicating moderate fatigue, the following modifications are suggested:
- **Reduce Overall Volume**: Today's planned workout should be adjusted to reduce the overall volume. Considering the TSB level, the workout should not exceed 45 minutes to facilitate recovery.
- **Decrease Intensity**: The intensity of today's workout should be low. This means focusing on a recovery ride or easy spin, ensuring the heart rate stays within Zone 1 to Zone 2. Avoid any high-intensity intervals or stage climbs today.
- **Specific Workout Suggestions**:
- **Duration**: Limit today's ride to no more than 45 minutes.
- **Intensity**: Keep the effort easy and comfortable, focusing on recovery.
- **Activities**: Consider incorporating activities that promote recovery and flexibility, such as gentle cycling on flat terrain, yoga, or stretching.
- **Long-Term Training Plan Adjustments**:
- **Gradually Increase CTL**: A gradual increase in CTL to reach the target of 55 is essential. This should be done by carefully balancing volume and intensity over the next days and weeks, avoiding sudden spikes in training load that could further negatively impact TSB.
- **Monitor and Adjust Based on Readiness and TSB**: Continuously monitor the athlete's readiness and TSB. Adjust the training plan dynamically to ensure the athlete remains within safe training stress
"
"Friday, June 27, 2025",85,,,85,,,,,,"LLM-Generated Summaries:
- Given the current metrics and the mission plan for the Tour de France Indoor Simulation 2025, it's crucial to make informed adjustments to today's workout to ensure the athlete's readiness and performance are optimized for the goal event, while also considering the athlete's wellness and avoiding overtraining risks.
- ### Review of Current Metrics:
- **Readiness Score**: 85 (Well above the mission constraint of min_readiness: 70, indicating high readiness)
- **CTL (Chronic Training Load)**: 33.2 (Below the target CTL peak of 55)
- **ATL (Acute Training Load)**: 38.9
- **TSB (Training Stress Balance)**: -17.1 (Below the minimum TSB constraint of -15, indicating accumulated fatigue)
- ### Today's Workout Modifications:
- Given the athlete's current state, particularly the negative TSB value, which suggests a high level of fatigue despite a high readiness score, the focus should be on recovery and gradual improvement in CTL without exacerbating the negative TSB.
- **Reduce Overall Volume**: Acknowledging the plan to reach a long ride target of 75 minutes and a stage climb target of 60 minutes, it's advisable to scale back significantly today to not exacerbate the athlete's TSB further into the negative. Aim for not more than 60 minutes of total workout time, focusing on active recovery.
- **Decrease Intensity**: Maintain today's workout intensity at a low level to promote recovery. The workout should entail easy spinning or a recovery ride, with heart rate zones kept within Zone 1 to Zone 2. This means avoiding any high-intensity efforts that could elevate heart rate significantly.
- **Specific Adjustments**:
- **Long Ride Minutes**: If a long ride was part of today's plan, it should be adjusted to no more than 60 minutes, focusing on easy, aerobic efforts.
- **Stage Climb Minutes**: Avoid any simulated stage climbs today to aid in the recovery process and prevent additional fatigue.
- **Threshold Interval Minutes**: Any threshold intervals or similar high-intensity efforts planned for today should be postponed. The focus should be on recovery, without any work near threshold intensity.
- ### Immediate and Long-Term Focus:
- **Monitor and Manage Fatigue**: It's vital to monitor the athlete's TSB closely in the coming days, aiming to gradually improve the TSB to within or above the -15 threshold without compromising readiness.
- **Gradual Increase in CTL**: Considering
"
"Monday, June 30, 2025",76,,,80,,,,,,"LLM-Generated Summaries:
- Given the current metrics and the mission plan targets for the Tour de France Indoor Simulation 2025, here's an analysis and recommendation for today's workout adjustments:
- ### Overview of Current Metrics vs. Mission Plan Targets:
- **Readiness Score**: 76 (Above the minimum requirement of 70)
- **HRV Balance**: 80 (Indicates good autonomic balance)
- **CTL (Chronic Training Load)**: 35.5 (Significantly below the target peak of 55)
- **ATL (Acute Training Load)**: 45.2 (Indicative of recent training loads)
- **TSB (Training Stress Balance)**: -9.7 (Within acceptable range, above the minimum TSB constraint of -15)
- ### Analysis:
- Your **readiness score** indicates you're well-prepared for today's workout.
- **HRV balance** suggests a good recovery state and readiness for training.
- The **CTL** is currently below the targeted peak for the goal event, highlighting the need for further fitness improvement.
- The **TSB** suggests you're in a balanced state between fatigue and form, allowing for effective training without the risk of overtraining.
- With the goal date of July 5, 2025, approaching, it's critical to focus efforts on increasing CTL while managing fatigue.
- ### Recommendations for Today's Workout:
- **Focus on CTL Improvement**: Aim to increase your CTL through a structured workout that balances volume and intensity. Given the current TSB, it's safe to push a bit harder today.
- **Long Ride Minutes**: Stick with the long ride target of 75 minutes. However, to ensure it contributes effectively to increasing CTL, include some variability in intensity. Incorporate low-threshold efforts or tempo intervals within this ride to enhance endurance and stimulate aerobic capacity improvement.
- **Stage Climb Minutes**: Proceed with the 60-minute stage climb goal. To optimize this effort, break it into manageable segments interspersed with recovery periods. For example, 4 x 15-minute climbs at a challenging but sustainable intensity, with 5 minutes of easy spinning between efforts.
- **Threshold Interval Minutes**: Since threshold work is critical for improving power at lactate threshold and overall performance, include the 20-minute goal as part of today's workout. Consider doing 2 x 10-minute intervals at threshold intensity with adequate recovery between efforts to ensure quality.
- **Recovery & Nutrition**: Given the intensity and volume of today's workout,
"
2025-07-01,76,,,,,,,,,"ğŸ† Training Phase: Taper
ğŸ“… Days until next phase: 4
ğŸ¯ Days to goal: 4
Maintaining fitness while reducing fatigue for the big day.

ğŸ“Š Current Fitness Metrics:
â€¢ Readiness Score: 76
â€¢ CTL (Fitness): 33.8
â€¢ ATL (Fatigue): 33.9
â€¢ TSB (Form): -0.0

ğŸ§  Today's Training Logic:
â€¢ Decision: Maintain
â€¢ Reasoning: Looking at your current metrics and the recent trend in your training history, you're in a good spot right now with your readiness score at 76, which indicates that you're ready for training but should not push too hard, especially considering you're in the taper phase with your goal event just 4 days away. Your Training Stress Balance (TSB) is at -0.0, showing that your fatigue and fitness are perfectly balanced at the moment, which is ideal during a taper. However, since your Chronic Training Load (CTL) and Acute Training Load (ATL) are very close (33.8 and 33.9, respectively), it suggests that your current fitness level and recent fatigue are in harmony, which is great for maintaining your form leading up to your event. The focus now should be on maintaining your fitness without adding stress or fatigue that could hinder your performance on the big day. A moderate intensity will help keep your body in tune without overloading it.
â€¢ Recommended Intensity: Moderate

ğŸš´ Today's Workout Plan:
â€¢ Type: Taper Ride
â€¢ Description: Steady aerobic effort to maintain fitness
â€¢ Duration: 72 minutes
â€¢ Estimated Load: 75
â€¢ Time in Zones:
  - Zone 2: 70 min
  - Zone 3: 20 min"
2025-07-01,78,,,,,,,,,"ğŸ† Training Phase: Taper
ğŸ“… Days until next phase: 4
ğŸ¯ Days to goal: 4
Maintaining fitness while reducing fatigue for the big day.

ğŸ“Š Current Fitness Metrics:
â€¢ Readiness Score: 78
â€¢ CTL (Fitness): 36.7
â€¢ ATL (Fatigue): 49.1
â€¢ TSB (Form): -12.5

ğŸ§  Today's Training Logic:
â€¢ Decision: Ease
â€¢ Reasoning: Given your current metrics and the context of being in the taper phase with only 4 days to your goal event, it's important to fine-tune your approach. Your readiness score is solid at 78, indicating you're in a good state to train, but your TSB of -12.5 suggests you're carrying a bit more fatigue than ideal at this stage. Since your CTL and ATL indicate you've been maintaining a strong training load, it's now crucial to focus on sharpening your form and ensuring you're as fresh as possible for the event. Easing off slightly will help reduce fatigue without compromising the fitness you've worked so hard to achieve. A slightly lower intensity will still keep you tuned up, but also allow for better recovery, ensuring you're in peak condition for your goal.
â€¢ Recommended Intensity: Low

ğŸš´ Today's Workout Plan:
â€¢ Type: Endurance Ride
â€¢ Description: Steady aerobic effort to maintain fitness
â€¢ Duration: 72 minutes
â€¢ Estimated Load: 75
â€¢ Time in Zones:
  - Zone 2: 70 min
  - Zone 3: 20 min"
2025-07-05,83,,,,,,,,,"ğŸ† Training Phase: Taper
ğŸ¯ Days to goal: 0
Maintaining fitness while reducing fatigue for the big day.

ğŸ“Š Current Fitness Metrics:
â€¢ Readiness Score: 83
â€¢ CTL (Fitness): 34.5
â€¢ ATL (Fatigue): 30.1
â€¢ TSB (Form): 4.4

ğŸ§  Today's Training Logic:
â€¢ Decision: Recover
â€¢ Reasoning: Looking at your metrics, I've noticed that your readiness score is below 70, which suggests you're in need of some rest. It's really important to listen to what your body is telling you, especially when it's signaling that it's time to take a step back. Recovery isn't just about giving your muscles a break; it also gives your mind a chance to reset, making you stronger both physically and mentally. Right now, your body is indicating that it's been under a lot of stress from recent training. By taking the time to recover, you're not losing progress â€“ you're actually building the foundation for greater improvements. Think of it as investing in your future performance.
â€¢ Recommended Intensity: Low

ğŸš´ Today's Workout Plan:
â€¢ Type: Recovery Ride
â€¢ Description: Easy spinning to promote recovery
â€¢ Duration: 48 minutes
â€¢ Estimated Load: 45
â€¢ Time in Zones:
  - Zone 1: 50 min
  - Zone 2: 10 min"
2025-07-05,83,,,,,,,,,"ğŸ† Training Phase: Taper
ğŸ¯ Days to goal: 0
Maintaining fitness while reducing fatigue for the big day.

ğŸ“Š Current Fitness Metrics:
â€¢ Readiness Score: 83
â€¢ CTL (Fitness): 34.4
â€¢ ATL (Fatigue): 30.1
â€¢ TSB (Form): 4.3

ğŸ§  Today's Training Logic:
â€¢ Decision: Recover
â€¢ Reasoning: Looking at your metrics, I noticed your readiness score is below 70, and you have a negative TSB, which means you're quite fatigued right now. It's important to listen to your body and give it the rest it needs to prevent any potential injuries and to ensure you're fully recovered for your next training session. Remember, recovery is just as crucial as the training itself because it's during this time that your body adapts and becomes stronger. Right now, your body is signaling it needs some downtime to recuperate, so let's honor that.
â€¢ Recommended Intensity: Low

ğŸš´ Today's Workout Plan:
â€¢ Type: Recovery Ride
â€¢ Description: Easy spinning to promote recovery
â€¢ Duration: 48 minutes
â€¢ Estimated Load: 45
â€¢ Time in Zones:
  - Zone 1: 50 min
  - Zone 2: 10 min"
2025-07-06,83,,,,,,,,,"ğŸ† Training Phase: Taper
ğŸ¯ Days to goal: -1
Maintaining fitness while reducing fatigue for the big day.

ğŸ“Š Current Fitness Metrics:
â€¢ Readiness Score: 83
â€¢ CTL (Fitness): 35.0
â€¢ ATL (Fatigue): 33.6
â€¢ TSB (Form): 1.3

ğŸ§  Today's Training Logic:
â€¢ Decision: Recover
â€¢ Reasoning: Looking at your current metrics and considering your recent training history, it's clear that your body needs some time to rest and recover. Your readiness score is below 70, and your TSB is in the negative, indicating that you're carrying a significant amount of fatigue. While it's great to push hard, rest is equally important to allow your body to rebuild stronger. Think of this recovery time not as a step back, but as an essential part of your progress towards your goals. It's during this downtime that your body makes the adaptations needed to improve. So, let's focus on some low-intensity activities and maybe even some non-cycling related ways to relax and rejuvenate.
â€¢ Recommended Intensity: Low

ğŸš´ Today's Workout Plan:
â€¢ Type: Recovery Ride
â€¢ Description: Easy spinning to promote recovery
â€¢ Duration: 48 minutes
â€¢ Estimated Load: 45
â€¢ Time in Zones:
  - Zone 1: 50 min
  - Zone 2: 10 min"
2025-07-06,83,,,,,,,,,"ğŸ† Training Phase: Peak
ğŸ“… Days until next phase: 7
ğŸ¯ Days to goal: 14
Sharpening your fitness for peak performance.

ğŸ“Š Current Fitness Metrics:
â€¢ Readiness Score: 83
â€¢ CTL (Fitness): 35.0
â€¢ ATL (Fatigue): 33.6
â€¢ TSB (Form): 1.3

ğŸ§  Today's Training Logic:
â€¢ Decision: Maintain
â€¢ Reasoning: Based on your current metrics, you've shown a solid readiness score of 83, which indicates you're in a good state to train. Your CTL (Chronic Training Load) at 35.0 and ATL (Acute Training Load) at 33.6 are quite close, showing that your fitness level and recent training loads are well-balanced. Your TSB (Training Stress Balance) is slightly positive at 1.3, suggesting you're not carrying excessive fatigue. Since you're in the peak phase of your training with your goal event just 14 days away, it's important to maintain your fitness level while avoiding overtraining or unnecessary fatigue. Keeping the intensity at a moderate level will help preserve your fitness without adding too much stress on your body, ensuring you're in top shape for your goal event.
â€¢ Recommended Intensity: Moderate

ğŸš´ Today's Workout Plan:
â€¢ Type: Peak Power
â€¢ Description: High-intensity work to sharpen racing fitness
â€¢ Duration: 60 minutes
â€¢ Estimated Load: 105
â€¢ Time in Zones:
  - Zone 2: 30 min
  - Zone 5: 15 min
  - Zone 1: 15 min"
2025-07-07,77,,,,,,,,,"ğŸ† TDF Simulation - Stage 3
ğŸ”ï¸ Stage Type: Hilly Stage
==================================================

ğŸ“Š READINESS CHECK:
â€¢ Readiness Score: 77/100
â€¢ TSB (Form): -1.4
â€¢ CTL (Fitness): 35.4

ğŸ¯ TODAY'S RECOMMENDATION:
â€¢ Ride Mode: GC
â€¢ Expected Points: 7
â€¢ Rationale: Given your current readiness and the strategic context of being early in the TDF simulation with no points yet on the board, opting for GC mode is a prudent choice. It allows you to accumulate base points steadily, keeping in view the upcoming hilly stages where you might find more favorable conditions to push harder or aim for breakaway modes. This approach balances performance with safety, ensuring you're well-positioned for later stages without peaking too early.

ğŸ“ˆ POINTS STATUS:
â€¢ Current Total: 0 points
â€¢ Stages Completed: 0/21

ğŸ† BONUS OPPORTUNITIES:
   â€¢ 5 Consecutive Stages
   â€¢ All GC Mode

ğŸ–ï¸ BONUS PROGRESS:
   â€¢ 5 consecutive: 0/5
   â€¢ 10 breakaways: 0/10

ğŸ§  TRAINING STRATEGY:
â€¢ Training Focus: Maintain
â€¢ Intensity: Moderate
â€¢ Reasoning: Based on your current metrics, with a readiness score of 77 and a slightly negative TSB (-1.4), it shows you're in a solid state for training but should be cautious of not overextending. Your CTL and ATL are closely matched, indicating a well-balanced fitness and fatigue level. Maintaining your effort will help you perform consistently without adding undue stress.

ğŸ“ STRATEGIC NOTES:
Your current positioning with 0 points necessitates a focus on consistent accumulation of points while being mindful of your physiological state. With 20 days to your goal and being in the peak phase, it's crucial to balance effort across stages to maximize performance without risking overtraining. Today's moderate intensity in GC mode sets a foundation for potential aggressive pushes in later stages.

ğŸ’ª Steady and smart for Stage 3. Every point counts, and consistency wins the long game!"
2025-07-07,77,,,,,,,,,"ğŸ† TDF Simulation - Stage 3
ğŸ”ï¸ Stage Type: Hilly Stage
==================================================

ğŸ“Š READINESS CHECK:
â€¢ Readiness Score: 77/100
â€¢ TSB (Form): -1.4
â€¢ CTL (Fitness): 35.4

ğŸ¯ TODAY'S RECOMMENDATION:
â€¢ Ride Mode: GC
â€¢ Expected Points: 7
â€¢ Rationale: Choosing GC mode for today's hilly stage is strategic. It allows you to secure base points safely, keeping in mind your current points standing and the stage's potential for earning. With your current metrics, pushing for a breakaway might risk unnecessary fatigue without guaranteed bonus points, especially considering the strategic opportunities in the upcoming stages. It's crucial to balance effort across the entire event, not just individual stages.

ğŸ“ˆ POINTS STATUS:
â€¢ Current Total: 0 points
â€¢ Stages Completed: 0/21

ğŸ† BONUS OPPORTUNITIES:
   â€¢ 5 consecutive stages
   â€¢ 10 breakaway stages

ğŸ–ï¸ BONUS PROGRESS:
   â€¢ 5 consecutive: 0/5
   â€¢ 10 breakaways: 0/10

ğŸ§  TRAINING STRATEGY:
â€¢ Training Focus: Maintain
â€¢ Intensity: Moderate
â€¢ Reasoning: With your readiness score at 77, which is quite solid, and a TSB of -1.4 indicating you're slightly fatigued but still in a good place, maintaining your current effort level will help you stay competitive without pushing you into overexertion. Your CTL and ATL are very close, which shows you're in a balanced state of fitness and fatigue. This is key to sustaining performance over the long term of the Tour de France Simulation.

ğŸ“ STRATEGIC NOTES:
Given that this is only the third stage and you have no current points, it's wise to focus on accumulating steady points now without overreaching. This approach will preserve your energy for stages where you have a stronger advantage or where the points opportunities align better with your readiness and fitness level. Keep an eye on your readiness and TSB to ensure you're always positioned to capitalize on stages that suit your strengths more directly.

ğŸ’ª Steady and smart for Stage 3. Every point counts, and consistency wins the long game!"
2025-07-08,78,,,,,,,,,"ğŸ† TDF Simulation - Stage 4
ğŸ”ï¸ Stage Type: Flat Stage
==================================================

ğŸ“Š READINESS CHECK:
â€¢ Readiness Score: 78/100
â€¢ TSB (Form): -6.7
â€¢ CTL (Fitness): 36.8

ğŸ¯ TODAY'S RECOMMENDATION:
â€¢ Ride Mode: GC
â€¢ Expected Points: 5
â€¢ Rationale: Given the flat stage type, your current total points of 19, and the strategic context of aiming for the bonus for completing 5 consecutive stages, choosing GC mode today is prudent. It aligns with a strategy of steady point accumulation while keeping in mind the opportunity for bonuses. Breakaway mode could offer higher points but at the risk of increasing fatigue unnecessarily early in the competition. GC mode will help conserve energy for stages where your strengths can be maximized for greater point gains.

ğŸ“ˆ POINTS STATUS:
â€¢ Current Total: 19 points
â€¢ Stages Completed: 3/21

ğŸ† BONUS OPPORTUNITIES:
   â€¢ 5 Consecutive Stages
   â€¢ All GC Mode

ğŸ–ï¸ BONUS PROGRESS:
   â€¢ 5 consecutive: 3/5
   â€¢ 10 breakaways: 0/10

ğŸ§  TRAINING STRATEGY:
â€¢ Training Focus: Maintain
â€¢ Intensity: Moderate
â€¢ Reasoning: Considering your current metrics, with a readiness score of 78 and a TSB of -6.7, it indicates you're in a good state of readiness but should be cautious of pushing too hard to avoid increasing fatigue. Your CTL and ATL values suggest you're building fitness while managing your fatigue levels appropriately. Maintaining your current level of effort will allow you to perform consistently without exacerbating fatigue, which is crucial as you've been active in consecutive stages and have more ahead.

ğŸ“ STRATEGIC NOTES:
Your aim should be on consistent performance and point accumulation at this stage. With your readiness and the flat stage profile, you have a good chance to secure base points safely. Keeping an eye on the upcoming bonus for 5 consecutive stages, today's effort can contribute significantly towards achieving this goal. Also, consider the long-term strategy of possibly completing all stages in GC mode for the additional bonus, which could be a substantial boost to your total points.

ğŸ’ª Steady and smart for Stage 4. Every point counts, and consistency wins the long game!"
2025-07-09,78,,,,,,,,,"ğŸ† TDF Simulation - Stage 5
ğŸ”ï¸ Stage Type: Hilly Stage
==================================================

ğŸ“Š READINESS CHECK:
â€¢ Readiness Score: 78/100
â€¢ TSB (Form): -9.8
â€¢ CTL (Fitness): 38.0

ğŸ¯ TODAY'S RECOMMENDATION:
â€¢ Ride Mode: GC
â€¢ Expected Points: 7
â€¢ Rationale: Choosing GC mode for today's hilly stage will allow you to secure base points safely, considering your current total points of 19 and the strategic context of the Tour. This approach is particularly strategic as it balances the need to accumulate points steadily while managing your physiological state to ensure you're in peak condition for the more challenging stages ahead.

ğŸ“ˆ POINTS STATUS:
â€¢ Current Total: 19 points
â€¢ Stages Completed: 3/21

ğŸ† BONUS OPPORTUNITIES:
   â€¢ 5 consecutive stages
   â€¢ 10 breakaway stages

ğŸ–ï¸ BONUS PROGRESS:
   â€¢ 5 consecutive: 3/5
   â€¢ 10 breakaways: 0/10

ğŸ§  TRAINING STRATEGY:
â€¢ Training Focus: Maintain
â€¢ Intensity: Moderate
â€¢ Reasoning: Given your current readiness score of 78 and a TSB of -9.8, which indicates you're experiencing a bit more fatigue but are still in a strong position, maintaining your current effort level is advisable. Your CTL (chronic training load) and ATL (acute training load) indicate that you're in a phase where your fitness is solid but you're accumulating fatigue. By maintaining effort, you avoid unnecessary overexertion while still staying competitive.

ğŸ“ STRATEGIC NOTES:
Given that you have completed 3 consecutive stages and this being the fourth, aiming for the 5 consecutive stages bonus is within reach. This approach not only adds to your points tally but also builds a foundation for more aggressive strategies in upcoming stages, particularly as your readiness and physiological state improve. The focus should be on consistent performance and strategic point accumulation at this stage of the Tour.

ğŸ’ª Steady and smart for Stage 5. Every point counts, and consistency wins the long game!"
2025-07-09,78,,,,,,,,,"ğŸ† TDF Simulation - Stage 5
ğŸ”ï¸ Stage Type: Hilly Stage
==================================================

ğŸ“Š READINESS CHECK:
â€¢ Readiness Score: 78/100
â€¢ TSB (Form): -9.8
â€¢ CTL (Fitness): 38.0

ğŸ¯ TODAY'S RECOMMENDATION:
â€¢ Ride Mode: BREAKAWAY
â€¢ Expected Points: 11
â€¢ Rationale: Choosing Breakaway mode for today's hilly stage is strategic for several reasons. First, you've effectively completed the 5 consecutive stages bonus, which allows you a bit more risk-taking for higher rewards. Hilly stages suit your profile well, and with the readiness and manageable fatigue you're currently experiencing, you're in a prime position to capitalize on this opportunity for higher points and potential bonus points. Breakaway mode offers 11 points, significantly more than GC mode, aligning with the aggressive focus needed to advance in the points standings.

ğŸ“ˆ POINTS STATUS:
â€¢ Current Total: 36 points
â€¢ Stages Completed: 5/21

ğŸ† BONUS OPPORTUNITIES:
   â€¢ 10 Breakaway Stages
   â€¢ All Mountains in Breakaway

ğŸ–ï¸ BONUS PROGRESS:
   â€¢ 5 consecutive: 5/5
   â€¢ 10 breakaways: 0/10

ğŸ§  TRAINING STRATEGY:
â€¢ Training Focus: Push
â€¢ Intensity: High
â€¢ Reasoning: Given your current readiness score of 78, which indicates you're well-prepared for today's effort, and considering today's hilly stage, it's an optimal time to capitalize on your strengths. Your TSB of -9.8 suggests you're carrying a bit of fatigue, but it's within a manageable range, especially as you've been consistently maintaining your effort in previous stages. Pushing today aligns with seizing a strategic opportunity to make significant gains, particularly as you've completed your goal of 5 consecutive stages, securing the associated bonus points.

ğŸ“ STRATEGIC NOTES:
Given the current stage of the competition and your solid physiological state, it's a prime opportunity to begin focusing on more aggressive point acquisition strategies. Your readiness and the manageable level of fatigue you're carrying suggest you can afford to push harder in stages that play to your strengths, like today's hilly stage. Keep an eye on recovery and ensure you're balancing effort with adequate rest as the competition progresses.

ğŸš€ Time to attack Stage 5! Your body is ready for an aggressive ride. Go get those bonus points!"
2025-07-09,87,,,,,,,,,"ğŸ† TDF Simulation - Stage 5
ğŸ”ï¸ Stage Type: Hilly Stage
==================================================

ğŸ“Š READINESS CHECK:
â€¢ Readiness Score: 87/100
â€¢ TSB (Form): -9.8
â€¢ CTL (Fitness): 38.0

ğŸ¯ TODAY'S RECOMMENDATION:
â€¢ Ride Mode: BREAKAWAY
â€¢ Expected Points: 11
â€¢ Rationale: Given the hilly stage type, your improved readiness, and the current strategic context, opting for Breakaway Mode is advised. This stage presents a valuable opportunity to gain additional points and bonuses, especially considering the points available for breakaway efforts exceed those of GC Mode. Your current total points and the bonus for 5 consecutive stages, which you've now achieved, further support the decision to be more aggressive in this stage. It's a calculated risk that aligns with your strengths and the goal of maximizing your points accumulation during this critical phase of the competition.

ğŸ“ˆ POINTS STATUS:
â€¢ Current Total: 36 points
â€¢ Stages Completed: 5/21

ğŸ† BONUS OPPORTUNITIES:
   â€¢ 10 Breakaway Stages
   â€¢ All Mountains in Breakaway

ğŸ–ï¸ BONUS PROGRESS:
   â€¢ 5 consecutive: 5/5
   â€¢ 10 breakaways: 0/10

ğŸ§  TRAINING STRATEGY:
â€¢ Training Focus: Push
â€¢ Intensity: High
â€¢ Reasoning: Your readiness score has increased significantly to 87, showing a strong recovery and readiness for higher intensity efforts. Although your TSB is still negative, indicating some fatigue, your high readiness score suggests you are well-prepared to handle a more aggressive approach without compromising your health or performance. This is a strategic moment to capitalize on your current physiological state and aim for higher points to improve your standing.

ğŸ“ STRATEGIC NOTES:
By choosing Breakaway Mode today, you're not only positioning yourself for a higher points yield but also starting to work towards the Breakaway Stages bonus, which could be pivotal in the latter part of the Tour. This approach also allows you to leverage your current physiological advantage, taking a more assertive stance in the competition while still managing your efforts to ensure sustainability through the remaining stages. It's a balance between seizing the moment for competitive advantage and maintaining a long-term strategy for overall success.

ğŸš€ Time to attack Stage 5! Your body is ready for an aggressive ride. Go get those bonus points!"
2025-07-10,87,,,,,,,,,"ğŸ† TDF Simulation - Stage 6
ğŸ”ï¸ Stage Type: Mountain Stage
==================================================

ğŸ“Š READINESS CHECK:
â€¢ Readiness Score: 87/100
â€¢ TSB (Form): -13.9
â€¢ CTL (Fitness): 39.4

ğŸ¯ TODAY'S RECOMMENDATION:
â€¢ Ride Mode: BREAKAWAY
â€¢ Expected Points: 15
â€¢ Rationale: Opting for Breakaway Mode aligns with your current physiological state and the strategic context of the TDF Simulation. With 0 breakaway stages attempted so far, targeting a breakaway today not only places you in a position to gain higher points but also starts to address the bonus for breakaway stages. This aggressive approach capitalizes on your readiness and provides a strategic advantage in accumulating points and bonuses, especially given the mountainous terrain which suits making significant moves.

ğŸ“ˆ POINTS STATUS:
â€¢ Current Total: 34 points
â€¢ Stages Completed: 5/21

ğŸ† BONUS OPPORTUNITIES:
   â€¢ 10 Breakaway Stages
   â€¢ All Mountains in Breakaway

ğŸ–ï¸ BONUS PROGRESS:
   â€¢ 5 consecutive: 5/5
   â€¢ 10 breakaways: 0/10

ğŸ§  TRAINING STRATEGY:
â€¢ Training Focus: Push
â€¢ Intensity: High
â€¢ Reasoning: Given your high readiness score of 87 and the fact that today's stage is a mountain stage, pushing harder can significantly benefit your TDF campaign. Although your TSB is currently negative, indicating some underlying fatigue, your readiness score suggests you have the capacity to handle a more aggressive approach. This is an ideal scenario to leverage your fitness and readiness for a challenging stage.

ğŸ“ STRATEGIC NOTES:
Today is a prime opportunity to be aggressive in your approach, given the mountain stage and your current readiness. This strategy will also start to position you for the breakaway bonus, a crucial element for maximizing your points potential in the TDF Simulation. Continue to monitor your physiological responses closely and ensure adequate recovery following today's effort to maintain your performance throughout the remaining stages.

ğŸš€ Time to attack Stage 6! Your body is ready for an aggressive ride. Go get those bonus points!"
2025-07-10,86,,,,,,,,,"ğŸ† TDF Simulation - Stage 6
ğŸ”ï¸ Stage Type: Mountain Stage
==================================================

ğŸ“Š READINESS CHECK:
â€¢ Readiness Score: 86/100
â€¢ TSB (Form): -13.9
â€¢ CTL (Fitness): 39.4

ğŸ¯ TODAY'S RECOMMENDATION:
â€¢ Ride Mode: BREAKAWAY
â€¢ Expected Points: 15
â€¢ Rationale: Considering the type of stage today, a mountain stage, and your current physiological state, opting for a breakaway mode will allow you to utilize your readiness advantage for higher points and capitalize on bonus opportunities. Although you haven't attempted a breakaway in previous stages, your improved readiness and the strategic importance of starting to accumulate points for breakaway-related bonuses suggest it's an opportune time to shift gears and aim for an aggressive performance.

ğŸ“ˆ POINTS STATUS:
â€¢ Current Total: 34 points
â€¢ Stages Completed: 5/21

ğŸ† BONUS OPPORTUNITIES:
   â€¢ 5 Consecutive Stages
   â€¢ 10 Breakaway Stages

ğŸ–ï¸ BONUS PROGRESS:
   â€¢ 5 consecutive: 5/5
   â€¢ 10 breakaways: 0/10

ğŸ§  TRAINING STRATEGY:
â€¢ Training Focus: Push
â€¢ Intensity: High
â€¢ Reasoning: Given your current readiness score of 86, which indicates a high level of readiness, along with a TSB of -13.9 showing you're carrying some fatigue but not excessively, it's a good moment to capitalize on your condition. Your recent training history shows a shift from a readiness score of 72 to 86, demonstrating significant recovery and adaptation. This improvement suggests you're ready to tackle more demanding efforts, even though you've been under stress from consecutive stages.

ğŸ“ STRATEGIC NOTES:
Given the mountain stage and your solid readiness, pushing hard today can not only secure high points but also position you well for future stages. While you're carrying some fatigue, your readiness score suggests you're capable of handling this challenge. Focus on recovery post-stage to manage accumulated fatigue. This approach aligns with your peak phase goals, leveraging your current form to maximize performance while keeping an eye on recovery to sustain efforts in upcoming stages.

ğŸš€ Time to attack Stage 6! Your body is ready for an aggressive ride. Go get those bonus points!"
2025-07-11,86,,,,,,,,,"ğŸ† TDF Simulation - Stage 7
ğŸ”ï¸ Stage Type: Flat Stage
==================================================

ğŸ“Š READINESS CHECK:
â€¢ Readiness Score: 86/100
â€¢ TSB (Form): -21.1
â€¢ CTL (Fitness): 41.7

ğŸ¯ TODAY'S RECOMMENDATION:
â€¢ Ride Mode: GC
â€¢ Expected Points: 5
â€¢ Rationale: Choosing GC Mode for today's stage aligns with the strategic need to manage your fatigue while still keeping you in a competitive position. Your current points position is strong, and with today's flat stage not being as critical for aggressive point accumulation, it provides a strategic opportunity to conserve energy. This approach balances the need for recovery with the goal of maintaining a good standing, ensuring you're in the best possible shape for the stages that will demand more aggressive efforts.

ğŸ“ˆ POINTS STATUS:
â€¢ Current Total: 44 points
â€¢ Stages Completed: 6/21

ğŸ† BONUS OPPORTUNITIES:
   â€¢ 5 Consecutive Stages
   â€¢ All GC Mode

ğŸ–ï¸ BONUS PROGRESS:
   â€¢ 5 consecutive: 1/5
   â€¢ 10 breakaways: 0/10

ğŸ§  TRAINING STRATEGY:
â€¢ Training Focus: Ease
â€¢ Intensity: Moderate
â€¢ Reasoning: Your readiness score is high at 86, indicating you're well-prepared for today's efforts. However, your TSB is at -21.1, suggesting significant underlying fatigue. Given the flat stage today, it's an optimal time to ease off slightly to address this fatigue without significantly compromising your position in the Tour de France Simulation. By easing the intensity today, you allow your body to recover more effectively, preparing you for the more demanding stages ahead.

ğŸ“ STRATEGIC NOTES:
Today's focus on recovery and conservation sets you up for success in the coming stages, particularly as we approach the third week where stages become more demanding and the opportunities for significant points accumulation increase. It's essential to keep an eye on the long game, managing your efforts to peak at the right time. Today's stage, while important, is part of a larger strategy aimed at ensuring you're at your best when it counts the most.

ğŸ’ª Steady and smart for Stage 7. Every point counts, and consistency wins the long game!"
2025-07-11,82,,,,,,,,,"ğŸ† TDF Simulation - Stage 7
ğŸ”ï¸ Stage Type: Flat Stage
==================================================

ğŸ“Š READINESS CHECK:
â€¢ Readiness Score: 82/100
â€¢ TSB (Form): -21.1
â€¢ CTL (Fitness): 41.7

ğŸ¯ TODAY'S RECOMMENDATION:
â€¢ Ride Mode: REST
â€¢ Expected Points: 0
â€¢ Rationale: Given your TSB is below -20, it's essential to prioritize recovery over accumulating points today. A rest day will not only safeguard your health but also ensure you're in a better position to perform in the upcoming stages, especially with many opportunities ahead to accumulate points and target bonus objectives.

ğŸ“ˆ POINTS STATUS:
â€¢ Current Total: 44 points
â€¢ Stages Completed: 6/21

ğŸ† BONUS OPPORTUNITIES:
   â€¢ 5 Consecutive Stages
   â€¢ 10 Breakaway Stages

ğŸ–ï¸ BONUS PROGRESS:
   â€¢ 5 consecutive: 1/5
   â€¢ 10 breakaways: 0/10

ğŸ§  TRAINING STRATEGY:
â€¢ Training Focus: Recover
â€¢ Intensity: Low
â€¢ Reasoning: Your current TSB of -21.1 indicates you're carrying a significant amount of fatigue, despite a high readiness score. It's crucial to address this fatigue to prevent overtraining and potential performance decline in the coming stages. A day focused on recovery will help restore your balance and prepare you for more aggressive strategies later in the Tour.

ğŸ“ STRATEGIC NOTES:
While today's flat stage might seem like a missed opportunity for easy points, prioritizing your recovery now is a strategic move to ensure you're in peak condition for the more challenging stages ahead. Let's focus on your hydration, nutrition, and maybe some light active recovery to get your TSB back to a more manageable level. We'll have plenty of opportunities to be aggressive in the stages to come, especially with your current total points positioning you well so far.

ğŸ›Œ Rest up! Your health comes first, and smart recovery makes you stronger."
2025-07-12,82,,,,,,,,,"	### ğŸ† Stage 8 TDF Morning Briefing

	**â›°ï¸ Stage Type**: Hilly Punchy Stage

	#### ğŸ“Š Readiness Check:
	- Readiness Score: 82/100
	- TSB (Form): -15.5
	- CTL (Fitness): 41.8

	#### ğŸ¯ Today's Recommendation:
	- **Ride Mode**: GC
	- **Expected Points**: 7
	- **Rationale**: Choosing GC Mode for today's hilly stage aligns with our strategy to maintain a good balance between being competitive and managing your physiological state. With your current total points at 43 and considering the stage type, aiming for base points in GC Mode allows you to stay in contention without the added risk of pushing too hard in a breakaway, especially considering your recent recovery phase. This approach keeps you in a strong position to capitalize on more aggressive strategies in future stages.

	#### ğŸ“ˆ Points Status:
	- Current Total: 43 points
	- Stages Completed: 7/21

	#### ğŸ† Bonus Opportunities:
	- 10 Breakaway Stages
	- All Mountains in Breakaway

	#### ğŸ–ï¸ Bonus Progress:
	- 5 consecutive: 2/5
	- 10 breakaways: 0/10

	#### ğŸ“ Strategic Notes:
	Positioning is key on the climbs. Stay near the front on the ascents to avoid getting gapped by sudden accelerations.

"
2025-07-12,81,,,,,,,,,"	### ğŸ† Stage 8 TDF Morning Briefing

	**â›°ï¸ Stage Type**: Hilly Punchy Stage

	#### ğŸ“Š Readiness Check:
	- Readiness Score: 81/100
	- TSB (Form): -15.5
	- CTL (Fitness): 41.8

	#### ğŸ¯ Today's Recommendation:
	- **Ride Mode**: GC
	- **Expected Points**: 7
	- **Rationale**: Considering your physiological state and the strategic context of the Tour, opting for GC mode today is the most pragmatic choice. It allows you to secure base points available for this stage without the extra risk and exertion that a breakaway effort entails. This approach aligns with your current fatigue levels and readiness, ensuring you continue to accumulate points steadily while preserving your energy for stages where you have a stronger strategic advantage or when your physiological state allows for more aggressive efforts.

	#### ğŸ“ˆ Points Status:
	- Current Total: 43 points
	- Stages Completed: 7/21

	#### ğŸ† Bonus Opportunities:
	- 10 Breakaway Stages
	- All Mountains in Breakaway

	#### ğŸ–ï¸ Bonus Progress:
	- 5 consecutive: 2/5
	- 10 breakaways: 0/10

	#### ğŸ“ Strategic Notes:
	Positioning is key on the climbs. Stay near the front on the ascents to avoid getting gapped by sudden accelerations.

"
2025-07-13,81,,,,,,,,,"	### ğŸ† Stage 9 TDF Morning Briefing

	**ğŸ”ï¸ Stage Type**: Mountain Stage

	#### ğŸ“Š Readiness Check:
	- Readiness Score: 81/100
	- TSB (Form): -11.8
	- CTL (Fitness): 41.9

	#### ğŸ¯ Today's Recommendation:
	- **Ride Mode**: BREAKAWAY
	- **Expected Points**: 15
	- **Rationale**: Choosing Breakaway Mode for today's mountain stage aligns with your current physiological state, which is primed for a higher intensity effort. With your readiness high and TSB nearing a balanced state, you are well-positioned to take on the added challenge and stress of a breakaway. This aggressive approach not only plays to your current strengths but also offers the potential for higher points and bonus opportunities, which are crucial for improving your overall standing in the simulation.

	#### ğŸ“ˆ Points Status:
	- Current Total: 48 points
	- Stages Completed: 8/21

	#### ğŸ† Bonus Opportunities:
	- 10 Breakaway Stages
	- All Mountains in Breakaway

	#### ğŸ–ï¸ Bonus Progress:
	- 5 consecutive: 3/5
	- 10 breakaways: 0/10

	#### ğŸ“ Strategic Notes:
	Mountain stages reward the brave. Go early, collect KOM points, and chase the stage dream.

"
2025-07-13,76,,,,,,,,,"	### ğŸ† Stage 9 TDF Morning Briefing

	**ğŸ”ï¸ Stage Type**: Mountain Stage

	#### ğŸ“Š Readiness Check:
	- Readiness Score: 76/100
	- TSB (Form): -11.8
	- CTL (Fitness): 41.9

	#### ğŸ¯ Today's Recommendation:
	- **Ride Mode**: BREAKAWAY
	- **Expected Points**: 15
	- **Rationale**: Choosing breakaway mode for today's mountain stage aligns with your current physiological state and the strategic landscape of the Tour. With your readiness score indicating strong recovery and a relatively moderate level of fatigue, you're in a good position to handle the increased demands of a breakaway effort. This aggressive strategy not only offers the chance for higher points today but also contributes to the bonus for completing mountain stages in breakaway mode, which could be crucial for your overall points strategy.

	#### ğŸ“ˆ Points Status:
	- Current Total: 48 points
	- Stages Completed: 8/21

	#### ğŸ† Bonus Opportunities:
	- 10 Breakaway Stages
	- All Mountains in Breakaway

	#### ğŸ–ï¸ Bonus Progress:
	- 5 consecutive: 3/5
	- 10 breakaways: 0/10

	#### ğŸ“ Strategic Notes:
	Mountain stages reward the brave. Go early, collect KOM points, and chase the stage dream.

"
2025-07-14,84,,,,,,,,,"	### ğŸ† Stage 10 TDF Morning Briefing

	**ğŸ”ï¸ Stage Type**: Mountain Stage

	#### ğŸ“Š Readiness Check:
	- Readiness Score: 84/100
	- TSB (Form): -10.2
	- CTL (Fitness): 42.1

	#### ğŸ¯ Today's Recommendation:
	- **Ride Mode**: GC
	- **Expected Points**: 10
	- **Rationale**: Given the mountain stage today and your current physiological state, opting for GC Mode is strategic. It secures base points while managing your effort, aligning with your readiness and the need to moderate fatigue. This choice supports a steady accumulation of points and preserves your energy for potential breakaway opportunities in stages where your readiness and TSB are more favorable. Additionally, it reduces the risk of deepening your fatigue before the crucial final week, where significant points and bonuses can be earned.

	#### ğŸ“ˆ Points Status:
	- Current Total: 50 points
	- Stages Completed: 9/21

	#### ğŸ† Bonus Opportunities:
	- 10 Breakaway Stages
	- All Mountains in Breakaway

	#### ğŸ–ï¸ Bonus Progress:
	- 5 consecutive: 4/5
	- 10 breakaways: 0/10

	#### ğŸ“ Strategic Notes:
	Big points available but manage effort carefully. This is where the Tour can be won or lost - balance ambition with sustainability.

"
2025-07-15,80,,,,,,,,,"	### ğŸ† Stage 11 TDF Morning Briefing

	**ğŸ Stage Type**: Flat Sprint Stage

	#### ğŸ“Š Readiness Check:
	- Readiness Score: 80/100
	- TSB (Form): -20.4
	- CTL (Fitness): 45.1

	#### ğŸ¯ Today's Recommendation:
	- **Ride Mode**: GC
	- **Expected Points**: 5
	- **Rationale**: Choosing GC Mode aligns with the need to balance your readiness and current fatigue levels. It allows you to compete conservatively, aiming for base points without overextending, which is crucial given your TSB. This approach will help preserve your energy and readiness for upcoming stages, especially with the final week in sight and considering the strategic importance of maintaining a steady accumulation of points.

	#### ğŸ“ˆ Points Status:
	- Current Total: 65 points
	- Stages Completed: 10/21

	#### ğŸ† Bonus Opportunities:
	- 10 Breakaway Stages
	- All Mountains in Breakaway

	#### ğŸ–ï¸ Bonus Progress:
	- 5 consecutive: 5/5
	- 10 breakaways: 1/10

	#### ğŸ“ Strategic Notes:
	Stay protected in the peloton, avoid crashes, and conserve energy. Let the sprinters' teams control the pace.

"
2025-07-16,89,,,,,,,,,"	### ğŸ† Stage 11 TDF Morning Briefing

	**ğŸ Stage Type**: Flat Sprint Stage

	#### ğŸ“Š Readiness Check:
	- Readiness Score: 89/100
	- TSB (Form): -6.1
	- CTL (Fitness): 43.0

	#### ğŸ¯ Today's Recommendation:
	- **Ride Mode**: BREAKAWAY
	- **Expected Points**: 8
	- **Rationale**: Choosing Breakaway Mode aligns with your current physiological readiness and the strategic opportunity presented by today's flat stage. With your improved readiness and manageable fatigue levels, you're well-positioned to handle the increased effort. This approach not only aims for higher points available in Breakaway Mode but also contributes to achieving the bonus for 10 breakaway stages, moving you closer to the overall points goal.

	#### ğŸ“ˆ Points Status:
	- Current Total: 65 points
	- Stages Completed: 10/21

	#### ğŸ† Bonus Opportunities:
	- 10 Breakaway Stages
	- All Mountains in Breakaway

	#### ğŸ–ï¸ Bonus Progress:
	- 5 consecutive: 5/5
	- 10 breakaways: 1/10

	#### ğŸ“ Strategic Notes:
	Fight for the early break, work together to build a gap, and push hard until the sprinters' teams reel you in.

"
2025-07-16,89,,,,,,,,,"	### ğŸ† Stage 11 TDF Morning Briefing

	**ğŸ Stage Type**: Flat Sprint Stage

	#### ğŸ“Š Readiness Check:
	- Readiness Score: 89/100
	- TSB (Form): -6.1
	- CTL (Fitness): 43.0

	#### ğŸ¯ Today's Recommendation:
	- **Ride Mode**: BREAKAWAY
	- **Expected Points**: 8
	- **Rationale**: Choosing breakaway mode today is strategic for several reasons. Firstly, you're physically prepared to handle the increased intensity, as indicated by your readiness score and TSB. Secondly, with today being a flat stage, it presents a prime opportunity to gain bonus points, which are crucial for improving your overall points position. Since you've already completed one breakaway stage, pursuing more can contribute significantly towards the bonus for completing 10 breakaway stages, not to mention the immediate higher points available today.

	#### ğŸ“ˆ Points Status:
	- Current Total: 65 points
	- Stages Completed: 10/21

	#### ğŸ† Bonus Opportunities:
	- 10 Breakaway Stages
	- All Mountains in Breakaway

	#### ğŸ–ï¸ Bonus Progress:
	- 5 consecutive: 5/5
	- 10 breakaways: 1/10

	#### ğŸ“ Strategic Notes:
	Fight for the early break, work together to build a gap, and push hard until the sprinters' teams reel you in.

"
2025-07-17,89,,,,,,,,,"	### ğŸ† Stage 12 TDF Morning Briefing

	**ğŸ”ï¸ Stage Type**: Mountain Stage

	#### ğŸ“Š Readiness Check:
	- Readiness Score: 89/100
	- TSB (Form): -14.1
	- CTL (Fitness): 45.2

	#### ğŸ¯ Today's Recommendation:
	- **Ride Mode**: GC
	- **Expected Points**: 10
	- **Rationale**: Choosing GC Mode for today's mountain stage is strategic given your current physiological state and the need to balance effort with recovery. This approach secures base points, contributing to your overall points total, while avoiding the extra strain that a breakaway effort would demand. It's vital to navigate the mountain stages with care, ensuring you're in a strong position for the final week of the Tour de France, especially considering the bonus for completing the final week and the potential for all GC Mode bonus points.

	#### ğŸ“ˆ Points Status:
	- Current Total: 73 points
	- Stages Completed: 11/21

	#### ğŸ† Bonus Opportunities:
	- 10 Breakaway Stages
	- All Mountains in Breakaway

	#### ğŸ–ï¸ Bonus Progress:
	- 5 consecutive: 6/5
	- 10 breakaways: 2/10

	#### ğŸ“ Strategic Notes:
	Big points available but manage effort carefully. This is where the Tour can be won or lost - balance ambition with sustainability.

"
2025-07-17,80,,,,,,,,,"	### ğŸ† Stage 12 TDF Morning Briefing

	**ğŸ”ï¸ Stage Type**: Mountain Stage

	#### ğŸ“Š Readiness Check:
	- Readiness Score: 80/100
	- TSB (Form): -14.1
	- CTL (Fitness): 45.2

	#### ğŸ¯ Today's Recommendation:
	- **Ride Mode**: GC
	- **Expected Points**: 10
	- **Rationale**: Considering your physiological state and the strategic context, opting for GC Mode today is prudent. It balances the need to score points with the imperative to manage your fatigue. Given the mountain stage type, this approach will enable you to secure base points while conserving energy for the remaining stages, where you might have better opportunities to capitalize on breakaway mode, especially considering the bonus for completing all mountains in breakaway.

	#### ğŸ“ˆ Points Status:
	- Current Total: 73 points
	- Stages Completed: 11/21

	#### ğŸ† Bonus Opportunities:
	- 10 Breakaway Stages
	- All Mountains in Breakaway

	#### ğŸ–ï¸ Bonus Progress:
	- 5 consecutive: 6/5
	- 10 breakaways: 2/10

	#### ğŸ“ Strategic Notes:
	Big points available but manage effort carefully. This is where the Tour can be won or lost - balance ambition with sustainability.

"
2025-07-18,86,,,,,,,,,"	### ğŸ† Stage 12 TDF Morning Briefing

	**ğŸ”ï¸ Stage Type**: Mountain Stage

	#### ğŸ“Š Readiness Check:
	- Readiness Score: 86/100
	- TSB (Form): -1.5
	- CTL (Fitness): 43.0

	#### ğŸ¯ Today's Recommendation:
	- **Ride Mode**: GC
	- **Expected Points**: 10
	- **Rationale**: Choosing GC Mode for today's mountain stage is strategic, considering your current points position and the need to conserve energy for the final push in the coming stages. This approach allows you to secure base points, contributing to your overall points tally, while mitigating the risk of excessive fatigue from a breakaway effort. Given the mountainous terrain, it's crucial to balance the pursuit of points with the necessity of maintaining a strong physiological state for the challenges ahead.

	#### ğŸ“ˆ Points Status:
	- Current Total: 73 points
	- Stages Completed: 11/21

	#### ğŸ† Bonus Opportunities:
	- 10 Breakaway Stages
	- All Mountains in Breakaway

	#### ğŸ–ï¸ Bonus Progress:
	- 5 consecutive: 6/5
	- 10 breakaways: 2/10

	#### ğŸ“ Strategic Notes:
	Big points available but manage effort carefully. This is where the Tour can be won or lost - balance ambition with sustainability.

"
2025-07-18,86,,,,,,,,,"	### ğŸ† Stage 13 TDF Morning Briefing

	**â±ï¸ Stage Type**: Individual Time Trial

	#### ğŸ“Š Readiness Check:
	- Readiness Score: 86/100
	- TSB (Form): -18.0
	- CTL (Fitness): 46.7

	#### ğŸ¯ Today's Recommendation:
	- **Ride Mode**: BREAKAWAY
	- **Expected Points**: 6
	- **Rationale**: Given the ITT stage type and your strong readiness, opting for Breakaway Mode is strategic. It maximizes your chance to earn higher points today, which is crucial as we're past the halfway point of the Tour and need to make significant moves to improve your points standing. The ITT is a unique opportunity for you to leverage your individual strength and readiness without the dynamics of the peloton affecting your performance.

	#### ğŸ“ˆ Points Status:
	- Current Total: 88 points
	- Stages Completed: 12/21

	#### ğŸ† Bonus Opportunities:
	- 10 Breakaway Stages
	- All Mountains in Breakaway

	#### ğŸ–ï¸ Bonus Progress:
	- 5 consecutive: 1/5
	- 10 breakaways: 3/10

	#### ğŸ“ Strategic Notes:
	Time to take risks! Ride above threshold early and see if you can post a surprise result.

"
2025-07-18,81,,,,,,,,,"	### ğŸ† Stage 13 TDF Morning Briefing

	**â±ï¸ Stage Type**: Individual Time Trial

	#### ğŸ“Š Readiness Check:
	- Readiness Score: 81/100
	- TSB (Form): -18.0
	- CTL (Fitness): 46.7

	#### ğŸ¯ Today's Recommendation:
	- **Ride Mode**: GC
	- **Expected Points**: 4
	- **Rationale**: Choosing GC Mode for today's ITT (Individual Time Trial) stage aligns with the strategy to secure base points while carefully managing your effort. Considering your current total points and the stages ahead, it's crucial to sustain a good balance between scoring points and preserving energy. GC Mode offers a strategic approach to consolidate your position without the added stress of a breakaway effort, which might not be as beneficial in an ITT context.

	#### ğŸ“ˆ Points Status:
	- Current Total: 88 points
	- Stages Completed: 12/21

	#### ğŸ† Bonus Opportunities:
	- 10 Breakaway Stages
	- All Mountains in Breakaway

	#### ğŸ–ï¸ Bonus Progress:
	- 5 consecutive: 1/5
	- 10 breakaways: 3/10

	#### ğŸ“ Strategic Notes:
	Pure effort against the clock. Pace evenly, stay aero, and focus on smooth power delivery throughout.

"
2025-07-19,81,,,,,,,,,"	### ğŸ† Stage 14 TDF Morning Briefing

	**ğŸ”ï¸ Stage Type**: Mountain Stage

	#### ğŸ“Š Readiness Check:
	- Readiness Score: 81/100
	- TSB (Form): -14.6
	- CTL (Fitness): 47.1

	#### ğŸ¯ Today's Recommendation:
	- **Ride Mode**: GC
	- **Expected Points**: 10
	- **Rationale**: Choosing GC Mode for today's stage is strategic. It allows you to secure base points and maintain a strong position in the overall standings, while also managing your effort to preserve energy for the final week of the Tour, which includes several critical stages. The mountainous terrain of today's stage presents a significant challenge, and while Breakaway Mode offers higher points, the risk of excessive fatigue and its potential impact on your performance in the final week makes GC Mode the more prudent choice.

	#### ğŸ“ˆ Points Status:
	- Current Total: 92 points
	- Stages Completed: 13/21

	#### ğŸ† Bonus Opportunities:
	- 10 Breakaway Stages
	- All Mountains in Breakaway

	#### ğŸ–ï¸ Bonus Progress:
	- 5 consecutive: 2/5
	- 10 breakaways: 3/10

	#### ğŸ“ Strategic Notes:
	Big points available but manage effort carefully. This is where the Tour can be won or lost - balance ambition with sustainability.

"
2025-07-19,86,,,,,,,,,"	### ğŸ† Stage 14 TDF Morning Briefing

	**ğŸ”ï¸ Stage Type**: Mountain Stage

	#### ğŸ“Š Readiness Check:
	- Readiness Score: 86/100
	- TSB (Form): -14.6
	- CTL (Fitness): 47.1

	#### ğŸ¯ Today's Recommendation:
	- **Ride Mode**: BREAKAWAY
	- **Expected Points**: 15
	- **Rationale**: Choosing Breakaway Mode for today's mountain stage aligns with your current physiological state and the strategic context of the Tour. With your strong readiness score and considering the significant points and bonus opportunities available, adopting an aggressive approach will maximize your potential to earn higher points and improve your overall standing. This stage offers a chance to leverage your current form to make a significant impact.

	#### ğŸ“ˆ Points Status:
	- Current Total: 92 points
	- Stages Completed: 13/21

	#### ğŸ† Bonus Opportunities:
	- 10 Breakaway Stages
	- All Mountains in Breakaway

	#### ğŸ–ï¸ Bonus Progress:
	- 5 consecutive: 2/5
	- 10 breakaways: 3/10

	#### ğŸ“ Strategic Notes:
	Mountain stages reward the brave. Go early, collect KOM points, and chase the stage dream.

"
2025-07-20,86,,,,,,,,,"	### ğŸ† Stage 15 TDF Morning Briefing

	**â›°ï¸ Stage Type**: Hilly Punchy Stage

	#### ğŸ“Š Readiness Check:
	- Readiness Score: 86/100
	- TSB (Form): -12.7
	- CTL (Fitness): 47.3

	#### ğŸ¯ Today's Recommendation:
	- **Ride Mode**: BREAKAWAY
	- **Expected Points**: 11
	- **Rationale**: Choosing Breakaway Mode for today's hilly stage leverages your current form and readiness to not only secure higher points but also positions you favorably for the bonus for completing 5 consecutive stages in Breakaway. With your current total points at 102 and a high readiness score, this aggressive strategy could be key in improving your standing before the final week. It's a calculated risk that aligns with your current physiological state and the tapering phase of your training, aiming to maximize your points gain while you're in a strong position to do so.

	#### ğŸ“ˆ Points Status:
	- Current Total: 102 points
	- Stages Completed: 14/21

	#### ğŸ† Bonus Opportunities:
	- 10 Breakaway Stages
	- All Mountains in Breakaway

	#### ğŸ–ï¸ Bonus Progress:
	- 5 consecutive: 3/5
	- 10 breakaways: 3/10

	#### ğŸ“ Strategic Notes:
	Perfect terrain for breakaway success. Attack on the climbs, work the descents, and fight for KOM points.

"
